Method,Global Mean,Avg Std Dev (Within-Trait),Avg Unique Layers (Per Trait),Global Unique Layers,Global Min,Global Max
Proj Rank-Only,10.86,5.7506547138941375,4.4,17,4,29
PDF Proj Rank,14.6,5.267309232567421,3.8,15,4,29
Proj Cos-Only,11.64,4.0748722904988135,3.8,13,4,28
Logit Diff,20.64,3.7612431329541223,4.0,11,10,28
Rank-Only,25.48,3.555700361656889,4.2,6,14,29
PDF Proj Cos,12.94,2.659681859058849,3.0,13,4,29
PDF Cos-Only,20.96,2.136981497127549,2.6,10,17,29
Cos-Only,21.96,2.109909083394701,2.0,2,21,27
PDF Rank-Only,9.82,1.2142463035441595,1.8,7,4,26
